﻿<?xml version="1.0" encoding="utf-8" ?>
<Configuration>
	<Profiles>
		<Profile >
			<ID>1</ID>
			<ProfileName>Default</ProfileName>
			<Exe></Exe>
			<DefaultProfile>True</DefaultProfile>
			<LaunchOptions>
				<Resolution></Resolution>
				<RefreshRate></RefreshRate>
				<Path></Path>
				<AppType></AppType>
				<LaunchCommand></LaunchCommand>
				<GameID></GameID>
				<ImageLocation></ImageLocation>
				<LastLaunched>0</LastLaunched>
				<NumberLaunches>0</NumberLaunches>
				<Favorite>False</Favorite>
			</LaunchOptions>
			<SeparateChargerBattery>False</SeparateChargerBattery>
			<Offline>
				<TDP1>9</TDP1>
				<TDP2>12</TDP2>
				<ActiveCores></ActiveCores>
				<MAXCPU></MAXCPU>
				<FPSLimit></FPSLimit>
				<EPP></EPP>
				<GPUCLK></GPUCLK>
			</Offline>
			<Online>
				<TDP1></TDP1>
				<TDP2></TDP2>
				<ActiveCores></ActiveCores>
				<MAXCPU></MAXCPU>
				<FPSLimit></FPSLimit>
				<EPP></EPP>
				<GPUCLK></GPUCLK>
			</Online>
		</Profile>
		
	</Profiles>

	<ControllerHotKeys>
		<ControllerHotKey>
			<ID>1</ID>
			<Type>Controller</Type>
			<Action>Show_Hide_HCP</Action>
			<Parameter>
			</Parameter>
			<Hotkey>776</Hotkey>
		</ControllerHotKey>
		<ControllerHotKey>
			<ID>0</ID>
			<Type>Controller</Type>
			<Action>Open_Steam_BigPicture</Action>
			<Parameter>
			</Parameter>
			<Hotkey>769</Hotkey>
		</ControllerHotKey>
		<ControllerHotKey>
			<ID>2</ID>
			<Type>Controller</Type>
			<Action>Toggle_MouseMode</Action>
			<Parameter>
			</Parameter>
			<Hotkey>772</Hotkey>
		</ControllerHotKey>
		<ControllerHotKey>
			<ID>3</ID>
			<Type>Controller</Type>
			<Action>Change_TDP</Action>
			<Parameter>2</Parameter>
			<Hotkey>17</Hotkey>
		</ControllerHotKey>
		<ControllerHotKey>
			<ID>4</ID>
			<Type>Controller</Type>
			<Action>Change_TDP</Action>
			<Parameter>-2</Parameter>
			<Hotkey>18</Hotkey>
		</ControllerHotKey>
	</ControllerHotKeys>


	<MouseModeConfigurations>
		<MouseModeConfiguration>
			<ID>1</ID>
			<MouseModeName>Default</MouseModeName>
			<MouseSensitivity>20</MouseSensitivity>
			<ScrollSensitivity>1</ScrollSensitivity>
			<DefaultMode>True</DefaultMode>
			<HIDHideEnabled>False</HIDHideEnabled>
			<PowerCycleWithHIDHide>False</PowerCycleWithHIDHide>
			<LeftThumb>Mouse</LeftThumb>
			<RightThumb>WASD</RightThumb>
			<LT></LT>
			<RT></RT>
			<A>LeftMouseClick</A>
			<B>RightMouseClick</B>
			<X></X>
			<Y></Y>
			<L3></L3>
			<R3></R3>
			<LB></LB>
			<RB></RB>
			<DPadUp>W</DPadUp>
			<DPadDown>S</DPadDown>
			<DPadRight>D</DPadRight>
			<DPadLeft>A</DPadLeft>
			<Start></Start>
			<Select></Select>
		</MouseModeConfiguration>
	</MouseModeConfigurations>
	<ProfileTemplate>
		<Profile >
			<ID></ID>
			<ProfileName>ProfileTemplate</ProfileName>
			<Exe></Exe>
			<DefaultProfile>False</DefaultProfile>
			<LaunchOptions>
				<Resolution></Resolution>
				<RefreshRate></RefreshRate>
				<Path></Path>
				<AppType></AppType>
				<LaunchCommand></LaunchCommand>
				<GameID></GameID>
				<ImageLocation></ImageLocation>
				<LastLaunched>0</LastLaunched>
				<NumberLaunches>0</NumberLaunches>
				<Favorite>False</Favorite>
			</LaunchOptions>
			<SeparateChargerBattery>False</SeparateChargerBattery>
			<Offline>
				<TDP1></TDP1>
				<TDP2></TDP2>
				<ActiveCores></ActiveCores>
				<MAXCPU></MAXCPU>
				<FPSLimit></FPSLimit>
				<EPP></EPP>
				<GPUCLK></GPUCLK>
			</Offline>
			<Online>
				<TDP1></TDP1>
				<TDP2></TDP2>
				<ActiveCores></ActiveCores>
				<MAXCPU></MAXCPU>
				<FPSLimit></FPSLimit>
				<EPP></EPP>
				<GPUCLK></GPUCLK>
			</Online>
		</Profile>
	</ProfileTemplate>

	<ControllerHotKeyTemplate>
		<ControllerHotKey>
			<ID></ID>
			<Type>Controller</Type>
			<Action>Show_Hide_HCP</Action>
			<Parameter></Parameter>
			<Hotkey></Hotkey>
		</ControllerHotKey>
	</ControllerHotKeyTemplate>
	<MouseModeTemplate>
		<MouseModeConfiguration>
			<ID></ID>
			<DefaultMode>False</DefaultMode>
			<MouseModeName></MouseModeName>
			<HIDHideEnabled>False</HIDHideEnabled>
			<PowerCycleWithHIDHide>False</PowerCycleWithHIDHide>
			<MouseSensitivity></MouseSensitivity>
			<ScrollSensitivity></ScrollSensitivity>
			<LeftThumb></LeftThumb>
			<RightThumb></RightThumb>
			<LT></LT>
			<RT></RT>
			<A></A>
			<B></B>
			<X></X>
			<Y></Y>
			<L3></L3>
			<R3></R3>
			<LB></LB>
			<RB></RB>
			<DPadUp></DPadUp>
			<DPadDown></DPadDown>
			<DPadRight></DPadRight>
			<DPadLeft></DPadLeft>
			<Start></Start>
			<Select></Select>
		</MouseModeConfiguration>
	</MouseModeTemplate>
</Configuration>

